id,input_stage,geometry_stage,refinement_stage,cleanup_stage,status,runnable_now,why,rank,score,priority,rationale
sync_keyframes-colmap_pairs-gsplat_2k-none,sync_keyframes,colmap_pairs,gsplat_2k,none,partial,False,valid,1,100,next,partial readiness; uses synchronized multi-view structure; reduces matching work; preview-quality refinement budget; keeps evaluation faithful; natural first multi-view experiment
sync_keyframes-colmap_pairs-gsplat_1k-none,sync_keyframes,colmap_pairs,gsplat_1k,none,partial,False,valid,2,97,next,partial readiness; uses synchronized multi-view structure; reduces matching work; fastest current refinement; keeps evaluation faithful; natural first multi-view experiment
sync_keyframes-colmap_pairs-gsplat_7k-none,sync_keyframes,colmap_pairs,gsplat_7k,none,partial,False,valid,3,93,next,partial readiness; uses synchronized multi-view structure; reduces matching work; slower quality baseline; keeps evaluation faithful; natural first multi-view experiment
sync_keyframes-colmap_pairs-fastgs_100s-none,sync_keyframes,colmap_pairs,fastgs_100s,none,external,False,valid,4,90,high,external readiness; uses synchronized multi-view structure; reduces matching work; promising training accelerator; keeps evaluation faithful; natural first multi-view experiment
fixed_rig_sync-fixed_rig_trajectory-fastgs_100s-none,fixed_rig_sync,fixed_rig_trajectory,fastgs_100s,none,planned,False,valid,5,90,high,planned readiness; uses synchronized multi-view structure; best fit for fixed cameras; promising training accelerator; keeps evaluation faithful; highest fixed-rig upside
fixed_rig_sync-fixed_rig_trajectory-gsplat_2k-none,fixed_rig_sync,fixed_rig_trajectory,gsplat_2k,none,planned,False,valid,6,89,high,planned readiness; uses synchronized multi-view structure; best fit for fixed cameras; preview-quality refinement budget; keeps evaluation faithful; highest fixed-rig upside
sync_keyframes-colmap_pairs-gsplat_2k-difix_distill,sync_keyframes,colmap_pairs,gsplat_2k,difix_distill,external,False,valid,7,88,high,external readiness; uses synchronized multi-view structure; reduces matching work; preview-quality refinement budget; tests diffusion distillation; natural first multi-view experiment; cleanup is most useful after quick coarse splats; distillation adds another training loop
fixed_rig_sync-fixed_rig_trajectory-gsplat_2k-difix_distill,fixed_rig_sync,fixed_rig_trajectory,gsplat_2k,difix_distill,planned,False,valid,8,88,high,planned readiness; uses synchronized multi-view structure; best fit for fixed cameras; preview-quality refinement budget; tests diffusion distillation; highest fixed-rig upside; cleanup is most useful after quick coarse splats; distillation adds another training loop
sync_keyframes-colmap_pairs-fastgs_100s-difix_inference,sync_keyframes,colmap_pairs,fastgs_100s,difix_inference,external,False,valid,9,87,high,external readiness; uses synchronized multi-view structure; reduces matching work; promising training accelerator; tests diffusion view cleanup; natural first multi-view experiment
fixed_rig_sync-fixed_rig_trajectory-fastgs_100s-difix_inference,fixed_rig_sync,fixed_rig_trajectory,fastgs_100s,difix_inference,planned,False,valid,10,87,high,planned readiness; uses synchronized multi-view structure; best fit for fixed cameras; promising training accelerator; tests diffusion view cleanup; highest fixed-rig upside
sync_keyframes-colmap_pairs-fastgs_100s-difix_distill,sync_keyframes,colmap_pairs,fastgs_100s,difix_distill,external,False,valid,11,86,high,external readiness; uses synchronized multi-view structure; reduces matching work; promising training accelerator; tests diffusion distillation; natural first multi-view experiment; distillation adds another training loop
sync_keyframes-colmap_pairs-gsplat_2k-difix_inference,sync_keyframes,colmap_pairs,gsplat_2k,difix_inference,external,False,valid,12,86,high,external readiness; uses synchronized multi-view structure; reduces matching work; preview-quality refinement budget; tests diffusion view cleanup; natural first multi-view experiment
fixed_rig_sync-fixed_rig_trajectory-fastgs_100s-difix_distill,fixed_rig_sync,fixed_rig_trajectory,fastgs_100s,difix_distill,planned,False,valid,13,86,high,planned readiness; uses synchronized multi-view structure; best fit for fixed cameras; promising training accelerator; tests diffusion distillation; highest fixed-rig upside; distillation adds another training loop
fixed_rig_sync-fixed_rig_trajectory-gsplat_1k-none,fixed_rig_sync,fixed_rig_trajectory,gsplat_1k,none,planned,False,valid,14,86,high,planned readiness; uses synchronized multi-view structure; best fit for fixed cameras; fastest current refinement; keeps evaluation faithful; highest fixed-rig upside
fixed_rig_sync-fixed_rig_trajectory-gsplat_2k-difix_inference,fixed_rig_sync,fixed_rig_trajectory,gsplat_2k,difix_inference,planned,False,valid,15,86,high,planned readiness; uses synchronized multi-view structure; best fit for fixed cameras; preview-quality refinement budget; tests diffusion view cleanup; highest fixed-rig upside
sync_keyframes-colmap_pairs-gsplat_1k-difix_distill,sync_keyframes,colmap_pairs,gsplat_1k,difix_distill,external,False,valid,16,85,high,external readiness; uses synchronized multi-view structure; reduces matching work; fastest current refinement; tests diffusion distillation; natural first multi-view experiment; cleanup is most useful after quick coarse splats; distillation adds another training loop
fixed_rig_sync-fixed_rig_trajectory-gsplat_1k-difix_distill,fixed_rig_sync,fixed_rig_trajectory,gsplat_1k,difix_distill,planned,False,valid,17,85,high,planned readiness; uses synchronized multi-view structure; best fit for fixed cameras; fastest current refinement; tests diffusion distillation; highest fixed-rig upside; cleanup is most useful after quick coarse splats; distillation adds another training loop
sync_keyframes-colmap_pairs-gsplat_1k-difix_inference,sync_keyframes,colmap_pairs,gsplat_1k,difix_inference,external,False,valid,18,83,high,external readiness; uses synchronized multi-view structure; reduces matching work; fastest current refinement; tests diffusion view cleanup; natural first multi-view experiment
fixed_rig_sync-fixed_rig_trajectory-gsplat_1k-difix_inference,fixed_rig_sync,fixed_rig_trajectory,gsplat_1k,difix_inference,planned,False,valid,19,83,high,planned readiness; uses synchronized multi-view structure; best fit for fixed cameras; fastest current refinement; tests diffusion view cleanup; highest fixed-rig upside
sync_keyframes-vggt_geometry-fastgs_100s-none,sync_keyframes,vggt_geometry,fastgs_100s,none,external,False,valid,20,82,high,external readiness; uses synchronized multi-view structure; tests feed-forward geometry; promising training accelerator; keeps evaluation faithful; feed-forward model gets structured multi-view input
fixed_rig_sync-fixed_rig_trajectory-gsplat_7k-none,fixed_rig_sync,fixed_rig_trajectory,gsplat_7k,none,planned,False,valid,21,82,high,planned readiness; uses synchronized multi-view structure; best fit for fixed cameras; slower quality baseline; keeps evaluation faithful; highest fixed-rig upside
sync_keyframes-feedforward_gs-fastgs_100s-none,sync_keyframes,feedforward_gs,fastgs_100s,none,external,False,valid,22,81,high,external readiness; uses synchronized multi-view structure; tests feed-forward geometry; promising training accelerator; keeps evaluation faithful; feed-forward model gets structured multi-view input
sync_keyframes-instantsplat_init-fastgs_100s-none,sync_keyframes,instantsplat_init,fastgs_100s,none,external,False,valid,23,81,high,external readiness; uses synchronized multi-view structure; tests feed-forward geometry; promising training accelerator; keeps evaluation faithful; feed-forward model gets structured multi-view input
sync_keyframes-vggt_geometry-gsplat_2k-none,sync_keyframes,vggt_geometry,gsplat_2k,none,external,False,valid,24,81,high,external readiness; uses synchronized multi-view structure; tests feed-forward geometry; preview-quality refinement budget; keeps evaluation faithful; feed-forward model gets structured multi-view input
sync_keyframes-colmap_auto-gsplat_2k-none,sync_keyframes,colmap_auto,gsplat_2k,none,partial,False,valid,25,80,high,partial readiness; uses synchronized multi-view structure; preview-quality refinement budget; keeps evaluation faithful
sync_keyframes-feedforward_gs-gsplat_2k-none,sync_keyframes,feedforward_gs,gsplat_2k,none,external,False,valid,26,80,high,external readiness; uses synchronized multi-view structure; tests feed-forward geometry; preview-quality refinement budget; keeps evaluation faithful; feed-forward model gets structured multi-view input
sync_keyframes-instantsplat_init-gsplat_2k-none,sync_keyframes,instantsplat_init,gsplat_2k,none,external,False,valid,27,80,high,external readiness; uses synchronized multi-view structure; tests feed-forward geometry; preview-quality refinement budget; keeps evaluation faithful; feed-forward model gets structured multi-view input
sync_keyframes-vggt_geometry-gsplat_2k-difix_distill,sync_keyframes,vggt_geometry,gsplat_2k,difix_distill,external,False,valid,28,80,high,external readiness; uses synchronized multi-view structure; tests feed-forward geometry; preview-quality refinement budget; tests diffusion distillation; feed-forward model gets structured multi-view input; cleanup is most useful after quick coarse splats; distillation adds another training loop
fixed_rig_sync-vggt_geometry-fastgs_100s-none,fixed_rig_sync,vggt_geometry,fastgs_100s,none,planned,False,valid,29,80,high,planned readiness; uses synchronized multi-view structure; tests feed-forward geometry; promising training accelerator; keeps evaluation faithful; feed-forward model gets structured multi-view input
sync_keyframes-feedforward_gs-gsplat_2k-difix_distill,sync_keyframes,feedforward_gs,gsplat_2k,difix_distill,external,False,valid,30,79,high,external readiness; uses synchronized multi-view structure; tests feed-forward geometry; preview-quality refinement budget; tests diffusion distillation; feed-forward model gets structured multi-view input; cleanup is most useful after quick coarse splats; distillation adds another training loop
sync_keyframes-instantsplat_init-gsplat_2k-difix_distill,sync_keyframes,instantsplat_init,gsplat_2k,difix_distill,external,False,valid,31,79,high,external readiness; uses synchronized multi-view structure; tests feed-forward geometry; preview-quality refinement budget; tests diffusion distillation; feed-forward model gets structured multi-view input; cleanup is most useful after quick coarse splats; distillation adds another training loop
sync_keyframes-vggt_geometry-fastgs_100s-difix_inference,sync_keyframes,vggt_geometry,fastgs_100s,difix_inference,external,False,valid,32,79,high,external readiness; uses synchronized multi-view structure; tests feed-forward geometry; promising training accelerator; tests diffusion view cleanup; feed-forward model gets structured multi-view input
fixed_rig_sync-feedforward_gs-fastgs_100s-none,fixed_rig_sync,feedforward_gs,fastgs_100s,none,planned,False,valid,33,79,high,planned readiness; uses synchronized multi-view structure; tests feed-forward geometry; promising training accelerator; keeps evaluation faithful; feed-forward model gets structured multi-view input
fixed_rig_sync-instantsplat_init-fastgs_100s-none,fixed_rig_sync,instantsplat_init,fastgs_100s,none,planned,False,valid,34,79,high,planned readiness; uses synchronized multi-view structure; tests feed-forward geometry; promising training accelerator; keeps evaluation faithful; feed-forward model gets structured multi-view input
fixed_rig_sync-vggt_geometry-gsplat_2k-none,fixed_rig_sync,vggt_geometry,gsplat_2k,none,planned,False,valid,35,79,high,planned readiness; uses synchronized multi-view structure; tests feed-forward geometry; preview-quality refinement budget; keeps evaluation faithful; feed-forward model gets structured multi-view input
posed_rgbd_dataset-posed_depth_init-fastgs_100s-none,posed_rgbd_dataset,posed_depth_init,fastgs_100s,none,planned,False,valid,36,79,high,planned readiness; uses posed/depth data; uses known pose/depth initializer; promising training accelerator; keeps evaluation faithful; dataset pose/depth path is direct
sync_keyframes-feedforward_gs-fastgs_100s-difix_inference,sync_keyframes,feedforward_gs,fastgs_100s,difix_inference,external,False,valid,37,78,high,external readiness; uses synchronized multi-view structure; tests feed-forward geometry; promising training accelerator; tests diffusion view cleanup; feed-forward model gets structured multi-view input
sync_keyframes-instantsplat_init-fastgs_100s-difix_inference,sync_keyframes,instantsplat_init,fastgs_100s,difix_inference,external,False,valid,38,78,high,external readiness; uses synchronized multi-view structure; tests feed-forward geometry; promising training accelerator; tests diffusion view cleanup; feed-forward model gets structured multi-view input
sync_keyframes-vggt_geometry-fastgs_100s-difix_distill,sync_keyframes,vggt_geometry,fastgs_100s,difix_distill,external,False,valid,39,78,high,external readiness; uses synchronized multi-view structure; tests feed-forward geometry; promising training accelerator; tests diffusion distillation; feed-forward model gets structured multi-view input; distillation adds another training loop
sync_keyframes-vggt_geometry-gsplat_1k-none,sync_keyframes,vggt_geometry,gsplat_1k,none,external,False,valid,40,78,high,external readiness; uses synchronized multi-view structure; tests feed-forward geometry; fastest current refinement; keeps evaluation faithful; feed-forward model gets structured multi-view input
sync_keyframes-vggt_geometry-gsplat_2k-difix_inference,sync_keyframes,vggt_geometry,gsplat_2k,difix_inference,external,False,valid,41,78,high,external readiness; uses synchronized multi-view structure; tests feed-forward geometry; preview-quality refinement budget; tests diffusion view cleanup; feed-forward model gets structured multi-view input
fixed_rig_sync-colmap_pairs-fastgs_100s-none,fixed_rig_sync,colmap_pairs,fastgs_100s,none,planned,False,valid,42,78,high,planned readiness; uses synchronized multi-view structure; reduces matching work; promising training accelerator; keeps evaluation faithful
fixed_rig_sync-feedforward_gs-gsplat_2k-none,fixed_rig_sync,feedforward_gs,gsplat_2k,none,planned,False,valid,43,78,high,planned readiness; uses synchronized multi-view structure; tests feed-forward geometry; preview-quality refinement budget; keeps evaluation faithful; feed-forward model gets structured multi-view input
fixed_rig_sync-instantsplat_init-gsplat_2k-none,fixed_rig_sync,instantsplat_init,gsplat_2k,none,planned,False,valid,44,78,high,planned readiness; uses synchronized multi-view structure; tests feed-forward geometry; preview-quality refinement budget; keeps evaluation faithful; feed-forward model gets structured multi-view input
fixed_rig_sync-vggt_geometry-gsplat_2k-difix_distill,fixed_rig_sync,vggt_geometry,gsplat_2k,difix_distill,planned,False,valid,45,78,high,planned readiness; uses synchronized multi-view structure; tests feed-forward geometry; preview-quality refinement budget; tests diffusion distillation; feed-forward model gets structured multi-view input; cleanup is most useful after quick coarse splats; distillation adds another training loop
posed_rgbd_dataset-posed_depth_init-gsplat_2k-none,posed_rgbd_dataset,posed_depth_init,gsplat_2k,none,planned,False,valid,46,78,high,planned readiness; uses posed/depth data; uses known pose/depth initializer; preview-quality refinement budget; keeps evaluation faithful; dataset pose/depth path is direct
sync_keyframes-colmap_auto-gsplat_1k-none,sync_keyframes,colmap_auto,gsplat_1k,none,partial,False,valid,47,77,medium,partial readiness; uses synchronized multi-view structure; fastest current refinement; keeps evaluation faithful
sync_keyframes-feedforward_gs-fastgs_100s-difix_distill,sync_keyframes,feedforward_gs,fastgs_100s,difix_distill,external,False,valid,48,77,medium,external readiness; uses synchronized multi-view structure; tests feed-forward geometry; promising training accelerator; tests diffusion distillation; feed-forward model gets structured multi-view input; distillation adds another training loop
sync_keyframes-feedforward_gs-gsplat_1k-none,sync_keyframes,feedforward_gs,gsplat_1k,none,external,False,valid,49,77,medium,external readiness; uses synchronized multi-view structure; tests feed-forward geometry; fastest current refinement; keeps evaluation faithful; feed-forward model gets structured multi-view input
sync_keyframes-feedforward_gs-gsplat_2k-difix_inference,sync_keyframes,feedforward_gs,gsplat_2k,difix_inference,external,False,valid,50,77,medium,external readiness; uses synchronized multi-view structure; tests feed-forward geometry; preview-quality refinement budget; tests diffusion view cleanup; feed-forward model gets structured multi-view input
sync_keyframes-instantsplat_init-fastgs_100s-difix_distill,sync_keyframes,instantsplat_init,fastgs_100s,difix_distill,external,False,valid,51,77,medium,external readiness; uses synchronized multi-view structure; tests feed-forward geometry; promising training accelerator; tests diffusion distillation; feed-forward model gets structured multi-view input; distillation adds another training loop
sync_keyframes-instantsplat_init-gsplat_1k-none,sync_keyframes,instantsplat_init,gsplat_1k,none,external,False,valid,52,77,medium,external readiness; uses synchronized multi-view structure; tests feed-forward geometry; fastest current refinement; keeps evaluation faithful; feed-forward model gets structured multi-view input
sync_keyframes-instantsplat_init-gsplat_2k-difix_inference,sync_keyframes,instantsplat_init,gsplat_2k,difix_inference,external,False,valid,53,77,medium,external readiness; uses synchronized multi-view structure; tests feed-forward geometry; preview-quality refinement budget; tests diffusion view cleanup; feed-forward model gets structured multi-view input
sync_keyframes-vggt_geometry-gsplat_1k-difix_distill,sync_keyframes,vggt_geometry,gsplat_1k,difix_distill,external,False,valid,54,77,medium,external readiness; uses synchronized multi-view structure; tests feed-forward geometry; fastest current refinement; tests diffusion distillation; feed-forward model gets structured multi-view input; cleanup is most useful after quick coarse splats; distillation adds another training loop
fixed_rig_sync-colmap_pairs-gsplat_2k-none,fixed_rig_sync,colmap_pairs,gsplat_2k,none,planned,False,valid,55,77,medium,planned readiness; uses synchronized multi-view structure; reduces matching work; preview-quality refinement budget; keeps evaluation faithful
fixed_rig_sync-feedforward_gs-gsplat_2k-difix_distill,fixed_rig_sync,feedforward_gs,gsplat_2k,difix_distill,planned,False,valid,56,77,medium,planned readiness; uses synchronized multi-view structure; tests feed-forward geometry; preview-quality refinement budget; tests diffusion distillation; feed-forward model gets structured multi-view input; cleanup is most useful after quick coarse splats; distillation adds another training loop
fixed_rig_sync-instantsplat_init-gsplat_2k-difix_distill,fixed_rig_sync,instantsplat_init,gsplat_2k,difix_distill,planned,False,valid,57,77,medium,planned readiness; uses synchronized multi-view structure; tests feed-forward geometry; preview-quality refinement budget; tests diffusion distillation; feed-forward model gets structured multi-view input; cleanup is most useful after quick coarse splats; distillation adds another training loop
fixed_rig_sync-vggt_geometry-fastgs_100s-difix_inference,fixed_rig_sync,vggt_geometry,fastgs_100s,difix_inference,planned,False,valid,58,77,medium,planned readiness; uses synchronized multi-view structure; tests feed-forward geometry; promising training accelerator; tests diffusion view cleanup; feed-forward model gets structured multi-view input
posed_rgbd_dataset-posed_depth_init-gsplat_2k-difix_distill,posed_rgbd_dataset,posed_depth_init,gsplat_2k,difix_distill,planned,False,valid,59,77,medium,planned readiness; uses posed/depth data; uses known pose/depth initializer; preview-quality refinement budget; tests diffusion distillation; dataset pose/depth path is direct; cleanup is most useful after quick coarse splats; distillation adds another training loop
sync_keyframes-feedforward_gs-gsplat_1k-difix_distill,sync_keyframes,feedforward_gs,gsplat_1k,difix_distill,external,False,valid,60,76,medium,external readiness; uses synchronized multi-view structure; tests feed-forward geometry; fastest current refinement; tests diffusion distillation; feed-forward model gets structured multi-view input; cleanup is most useful after quick coarse splats; distillation adds another training loop
sync_keyframes-feedforward_gs-none-none,sync_keyframes,feedforward_gs,none,none,external,False,valid,61,76,medium,external readiness; uses synchronized multi-view structure; tests feed-forward geometry; skips refinement; keeps evaluation faithful; feed-forward model gets structured multi-view input; tests direct Gaussian output
sync_keyframes-instantsplat_init-gsplat_1k-difix_distill,sync_keyframes,instantsplat_init,gsplat_1k,difix_distill,external,False,valid,62,76,medium,external readiness; uses synchronized multi-view structure; tests feed-forward geometry; fastest current refinement; tests diffusion distillation; feed-forward model gets structured multi-view input; cleanup is most useful after quick coarse splats; distillation adds another training loop
sync_keyframes-instantsplat_init-none-none,sync_keyframes,instantsplat_init,none,none,external,False,valid,63,76,medium,external readiness; uses synchronized multi-view structure; tests feed-forward geometry; skips refinement; keeps evaluation faithful; feed-forward model gets structured multi-view input; tests direct Gaussian output
fixed_rig_sync-colmap_pairs-gsplat_2k-difix_distill,fixed_rig_sync,colmap_pairs,gsplat_2k,difix_distill,planned,False,valid,64,76,medium,planned readiness; uses synchronized multi-view structure; reduces matching work; preview-quality refinement budget; tests diffusion distillation; cleanup is most useful after quick coarse splats; distillation adds another training loop
fixed_rig_sync-feedforward_gs-fastgs_100s-difix_inference,fixed_rig_sync,feedforward_gs,fastgs_100s,difix_inference,planned,False,valid,65,76,medium,planned readiness; uses synchronized multi-view structure; tests feed-forward geometry; promising training accelerator; tests diffusion view cleanup; feed-forward model gets structured multi-view input
fixed_rig_sync-instantsplat_init-fastgs_100s-difix_inference,fixed_rig_sync,instantsplat_init,fastgs_100s,difix_inference,planned,False,valid,66,76,medium,planned readiness; uses synchronized multi-view structure; tests feed-forward geometry; promising training accelerator; tests diffusion view cleanup; feed-forward model gets structured multi-view input
fixed_rig_sync-vggt_geometry-fastgs_100s-difix_distill,fixed_rig_sync,vggt_geometry,fastgs_100s,difix_distill,planned,False,valid,67,76,medium,planned readiness; uses synchronized multi-view structure; tests feed-forward geometry; promising training accelerator; tests diffusion distillation; feed-forward model gets structured multi-view input; distillation adds another training loop
fixed_rig_sync-vggt_geometry-gsplat_1k-none,fixed_rig_sync,vggt_geometry,gsplat_1k,none,planned,False,valid,68,76,medium,planned readiness; uses synchronized multi-view structure; tests feed-forward geometry; fastest current refinement; keeps evaluation faithful; feed-forward model gets structured multi-view input
fixed_rig_sync-vggt_geometry-gsplat_2k-difix_inference,fixed_rig_sync,vggt_geometry,gsplat_2k,difix_inference,planned,False,valid,69,76,medium,planned readiness; uses synchronized multi-view structure; tests feed-forward geometry; preview-quality refinement budget; tests diffusion view cleanup; feed-forward model gets structured multi-view input
posed_rgbd_dataset-posed_depth_init-fastgs_100s-difix_inference,posed_rgbd_dataset,posed_depth_init,fastgs_100s,difix_inference,planned,False,valid,70,76,medium,planned readiness; uses posed/depth data; uses known pose/depth initializer; promising training accelerator; tests diffusion view cleanup; dataset pose/depth path is direct
sync_keyframes-vggt_geometry-gsplat_1k-difix_inference,sync_keyframes,vggt_geometry,gsplat_1k,difix_inference,external,False,valid,71,75,medium,external readiness; uses synchronized multi-view structure; tests feed-forward geometry; fastest current refinement; tests diffusion view cleanup; feed-forward model gets structured multi-view input
fixed_rig_sync-colmap_pairs-fastgs_100s-difix_inference,fixed_rig_sync,colmap_pairs,fastgs_100s,difix_inference,planned,False,valid,72,75,medium,planned readiness; uses synchronized multi-view structure; reduces matching work; promising training accelerator; tests diffusion view cleanup
fixed_rig_sync-feedforward_gs-fastgs_100s-difix_distill,fixed_rig_sync,feedforward_gs,fastgs_100s,difix_distill,planned,False,valid,73,75,medium,planned readiness; uses synchronized multi-view structure; tests feed-forward geometry; promising training accelerator; tests diffusion distillation; feed-forward model gets structured multi-view input; distillation adds another training loop
fixed_rig_sync-feedforward_gs-gsplat_1k-none,fixed_rig_sync,feedforward_gs,gsplat_1k,none,planned,False,valid,74,75,medium,planned readiness; uses synchronized multi-view structure; tests feed-forward geometry; fastest current refinement; keeps evaluation faithful; feed-forward model gets structured multi-view input
fixed_rig_sync-feedforward_gs-gsplat_2k-difix_inference,fixed_rig_sync,feedforward_gs,gsplat_2k,difix_inference,planned,False,valid,75,75,medium,planned readiness; uses synchronized multi-view structure; tests feed-forward geometry; preview-quality refinement budget; tests diffusion view cleanup; feed-forward model gets structured multi-view input
fixed_rig_sync-instantsplat_init-fastgs_100s-difix_distill,fixed_rig_sync,instantsplat_init,fastgs_100s,difix_distill,planned,False,valid,76,75,medium,planned readiness; uses synchronized multi-view structure; tests feed-forward geometry; promising training accelerator; tests diffusion distillation; feed-forward model gets structured multi-view input; distillation adds another training loop
fixed_rig_sync-instantsplat_init-gsplat_1k-none,fixed_rig_sync,instantsplat_init,gsplat_1k,none,planned,False,valid,77,75,medium,planned readiness; uses synchronized multi-view structure; tests feed-forward geometry; fastest current refinement; keeps evaluation faithful; feed-forward model gets structured multi-view input
fixed_rig_sync-instantsplat_init-gsplat_2k-difix_inference,fixed_rig_sync,instantsplat_init,gsplat_2k,difix_inference,planned,False,valid,78,75,medium,planned readiness; uses synchronized multi-view structure; tests feed-forward geometry; preview-quality refinement budget; tests diffusion view cleanup; feed-forward model gets structured multi-view input
fixed_rig_sync-vggt_geometry-gsplat_1k-difix_distill,fixed_rig_sync,vggt_geometry,gsplat_1k,difix_distill,planned,False,valid,79,75,medium,planned readiness; uses synchronized multi-view structure; tests feed-forward geometry; fastest current refinement; tests diffusion distillation; feed-forward model gets structured multi-view input; cleanup is most useful after quick coarse splats; distillation adds another training loop
posed_rgbd_dataset-posed_depth_init-fastgs_100s-difix_distill,posed_rgbd_dataset,posed_depth_init,fastgs_100s,difix_distill,planned,False,valid,80,75,medium,planned readiness; uses posed/depth data; uses known pose/depth initializer; promising training accelerator; tests diffusion distillation; dataset pose/depth path is direct; distillation adds another training loop
posed_rgbd_dataset-posed_depth_init-gsplat_1k-none,posed_rgbd_dataset,posed_depth_init,gsplat_1k,none,planned,False,valid,81,75,medium,planned readiness; uses posed/depth data; uses known pose/depth initializer; fastest current refinement; keeps evaluation faithful; dataset pose/depth path is direct
posed_rgbd_dataset-posed_depth_init-gsplat_2k-difix_inference,posed_rgbd_dataset,posed_depth_init,gsplat_2k,difix_inference,planned,False,valid,82,75,medium,planned readiness; uses posed/depth data; uses known pose/depth initializer; preview-quality refinement budget; tests diffusion view cleanup; dataset pose/depth path is direct
sync_keyframes-colmap_pairs-gsplat_7k-difix_inference,sync_keyframes,colmap_pairs,gsplat_7k,difix_inference,external,False,valid,83,74,medium,external readiness; uses synchronized multi-view structure; reduces matching work; slower quality baseline; tests diffusion view cleanup; natural first multi-view experiment; slow training plus cleanup
sync_keyframes-feedforward_gs-gsplat_1k-difix_inference,sync_keyframes,feedforward_gs,gsplat_1k,difix_inference,external,False,valid,84,74,medium,external readiness; uses synchronized multi-view structure; tests feed-forward geometry; fastest current refinement; tests diffusion view cleanup; feed-forward model gets structured multi-view input
sync_keyframes-instantsplat_init-gsplat_1k-difix_inference,sync_keyframes,instantsplat_init,gsplat_1k,difix_inference,external,False,valid,85,74,medium,external readiness; uses synchronized multi-view structure; tests feed-forward geometry; fastest current refinement; tests diffusion view cleanup; feed-forward model gets structured multi-view input
sync_keyframes-vggt_geometry-gsplat_7k-none,sync_keyframes,vggt_geometry,gsplat_7k,none,external,False,valid,86,74,medium,external readiness; uses synchronized multi-view structure; tests feed-forward geometry; slower quality baseline; keeps evaluation faithful; feed-forward model gets structured multi-view input
fixed_rig_sync-colmap_pairs-fastgs_100s-difix_distill,fixed_rig_sync,colmap_pairs,fastgs_100s,difix_distill,planned,False,valid,87,74,medium,planned readiness; uses synchronized multi-view structure; reduces matching work; promising training accelerator; tests diffusion distillation; distillation adds another training loop
fixed_rig_sync-colmap_pairs-gsplat_1k-none,fixed_rig_sync,colmap_pairs,gsplat_1k,none,planned,False,valid,88,74,medium,planned readiness; uses synchronized multi-view structure; reduces matching work; fastest current refinement; keeps evaluation faithful
fixed_rig_sync-colmap_pairs-gsplat_2k-difix_inference,fixed_rig_sync,colmap_pairs,gsplat_2k,difix_inference,planned,False,valid,89,74,medium,planned readiness; uses synchronized multi-view structure; reduces matching work; preview-quality refinement budget; tests diffusion view cleanup
fixed_rig_sync-feedforward_gs-gsplat_1k-difix_distill,fixed_rig_sync,feedforward_gs,gsplat_1k,difix_distill,planned,False,valid,90,74,medium,planned readiness; uses synchronized multi-view structure; tests feed-forward geometry; fastest current refinement; tests diffusion distillation; feed-forward model gets structured multi-view input; cleanup is most useful after quick coarse splats; distillation adds another training loop
fixed_rig_sync-feedforward_gs-none-none,fixed_rig_sync,feedforward_gs,none,none,planned,False,valid,91,74,medium,planned readiness; uses synchronized multi-view structure; tests feed-forward geometry; skips refinement; keeps evaluation faithful; feed-forward model gets structured multi-view input; tests direct Gaussian output
fixed_rig_sync-fixed_rig_trajectory-gsplat_7k-difix_inference,fixed_rig_sync,fixed_rig_trajectory,gsplat_7k,difix_inference,planned,False,valid,92,74,medium,planned readiness; uses synchronized multi-view structure; best fit for fixed cameras; slower quality baseline; tests diffusion view cleanup; highest fixed-rig upside; slow training plus cleanup
fixed_rig_sync-instantsplat_init-gsplat_1k-difix_distill,fixed_rig_sync,instantsplat_init,gsplat_1k,difix_distill,planned,False,valid,93,74,medium,planned readiness; uses synchronized multi-view structure; tests feed-forward geometry; fastest current refinement; tests diffusion distillation; feed-forward model gets structured multi-view input; cleanup is most useful after quick coarse splats; distillation adds another training loop
fixed_rig_sync-instantsplat_init-none-none,fixed_rig_sync,instantsplat_init,none,none,planned,False,valid,94,74,medium,planned readiness; uses synchronized multi-view structure; tests feed-forward geometry; skips refinement; keeps evaluation faithful; feed-forward model gets structured multi-view input; tests direct Gaussian output
posed_rgbd_dataset-posed_depth_init-gsplat_1k-difix_distill,posed_rgbd_dataset,posed_depth_init,gsplat_1k,difix_distill,planned,False,valid,95,74,medium,planned readiness; uses posed/depth data; uses known pose/depth initializer; fastest current refinement; tests diffusion distillation; dataset pose/depth path is direct; cleanup is most useful after quick coarse splats; distillation adds another training loop
classic_topk-colmap_auto-gsplat_2k-none,classic_topk,colmap_auto,gsplat_2k,none,implemented,True,valid,96,73,medium,implemented readiness; baseline input path; preview-quality refinement budget; keeps evaluation faithful; least multi-view-specific
sync_keyframes-colmap_auto-gsplat_7k-none,sync_keyframes,colmap_auto,gsplat_7k,none,partial,False,valid,97,73,medium,partial readiness; uses synchronized multi-view structure; slower quality baseline; keeps evaluation faithful
sync_keyframes-colmap_pairs-gsplat_7k-difix_distill,sync_keyframes,colmap_pairs,gsplat_7k,difix_distill,external,False,valid,98,73,medium,external readiness; uses synchronized multi-view structure; reduces matching work; slower quality baseline; tests diffusion distillation; natural first multi-view experiment; slow training plus cleanup; distillation adds another training loop
sync_keyframes-feedforward_gs-gsplat_7k-none,sync_keyframes,feedforward_gs,gsplat_7k,none,external,False,valid,99,73,medium,external readiness; uses synchronized multi-view structure; tests feed-forward geometry; slower quality baseline; keeps evaluation faithful; feed-forward model gets structured multi-view input
sync_keyframes-instantsplat_init-gsplat_7k-none,sync_keyframes,instantsplat_init,gsplat_7k,none,external,False,valid,100,73,medium,external readiness; uses synchronized multi-view structure; tests feed-forward geometry; slower quality baseline; keeps evaluation faithful; feed-forward model gets structured multi-view input
fixed_rig_sync-colmap_pairs-gsplat_1k-difix_distill,fixed_rig_sync,colmap_pairs,gsplat_1k,difix_distill,planned,False,valid,101,73,medium,planned readiness; uses synchronized multi-view structure; reduces matching work; fastest current refinement; tests diffusion distillation; cleanup is most useful after quick coarse splats; distillation adds another training loop
fixed_rig_sync-fixed_rig_trajectory-gsplat_7k-difix_distill,fixed_rig_sync,fixed_rig_trajectory,gsplat_7k,difix_distill,planned,False,valid,102,73,medium,planned readiness; uses synchronized multi-view structure; best fit for fixed cameras; slower quality baseline; tests diffusion distillation; highest fixed-rig upside; slow training plus cleanup; distillation adds another training loop
fixed_rig_sync-vggt_geometry-gsplat_1k-difix_inference,fixed_rig_sync,vggt_geometry,gsplat_1k,difix_inference,planned,False,valid,103,73,medium,planned readiness; uses synchronized multi-view structure; tests feed-forward geometry; fastest current refinement; tests diffusion view cleanup; feed-forward model gets structured multi-view input
fixed_rig_sync-feedforward_gs-gsplat_1k-difix_inference,fixed_rig_sync,feedforward_gs,gsplat_1k,difix_inference,planned,False,valid,104,72,medium,planned readiness; uses synchronized multi-view structure; tests feed-forward geometry; fastest current refinement; tests diffusion view cleanup; feed-forward model gets structured multi-view input
fixed_rig_sync-instantsplat_init-gsplat_1k-difix_inference,fixed_rig_sync,instantsplat_init,gsplat_1k,difix_inference,planned,False,valid,105,72,medium,planned readiness; uses synchronized multi-view structure; tests feed-forward geometry; fastest current refinement; tests diffusion view cleanup; feed-forward model gets structured multi-view input
fixed_rig_sync-vggt_geometry-gsplat_7k-none,fixed_rig_sync,vggt_geometry,gsplat_7k,none,planned,False,valid,106,72,medium,planned readiness; uses synchronized multi-view structure; tests feed-forward geometry; slower quality baseline; keeps evaluation faithful; feed-forward model gets structured multi-view input
posed_rgbd_dataset-posed_depth_init-gsplat_1k-difix_inference,posed_rgbd_dataset,posed_depth_init,gsplat_1k,difix_inference,planned,False,valid,107,72,medium,planned readiness; uses posed/depth data; uses known pose/depth initializer; fastest current refinement; tests diffusion view cleanup; dataset pose/depth path is direct
fixed_rig_sync-colmap_pairs-gsplat_1k-difix_inference,fixed_rig_sync,colmap_pairs,gsplat_1k,difix_inference,planned,False,valid,108,71,medium,planned readiness; uses synchronized multi-view structure; reduces matching work; fastest current refinement; tests diffusion view cleanup
fixed_rig_sync-feedforward_gs-gsplat_7k-none,fixed_rig_sync,feedforward_gs,gsplat_7k,none,planned,False,valid,109,71,medium,planned readiness; uses synchronized multi-view structure; tests feed-forward geometry; slower quality baseline; keeps evaluation faithful; feed-forward model gets structured multi-view input
fixed_rig_sync-instantsplat_init-gsplat_7k-none,fixed_rig_sync,instantsplat_init,gsplat_7k,none,planned,False,valid,110,71,medium,planned readiness; uses synchronized multi-view structure; tests feed-forward geometry; slower quality baseline; keeps evaluation faithful; feed-forward model gets structured multi-view input
posed_rgbd_dataset-posed_depth_init-gsplat_7k-none,posed_rgbd_dataset,posed_depth_init,gsplat_7k,none,planned,False,valid,111,71,medium,planned readiness; uses posed/depth data; uses known pose/depth initializer; slower quality baseline; keeps evaluation faithful; dataset pose/depth path is direct
classic_topk-colmap_auto-gsplat_1k-none,classic_topk,colmap_auto,gsplat_1k,none,implemented,True,valid,112,70,medium,implemented readiness; baseline input path; fastest current refinement; keeps evaluation faithful; least multi-view-specific
sync_keyframes-colmap_auto-fastgs_100s-none,sync_keyframes,colmap_auto,fastgs_100s,none,external,False,valid,113,70,medium,external readiness; uses synchronized multi-view structure; promising training accelerator; keeps evaluation faithful
sync_keyframes-feedforward_gs-none-difix_inference,sync_keyframes,feedforward_gs,none,difix_inference,external,False,valid,114,70,medium,external readiness; uses synchronized multi-view structure; tests feed-forward geometry; skips refinement; tests diffusion view cleanup; feed-forward model gets structured multi-view input; tests direct Gaussian output; cleanup without refinement is harder to interpret
sync_keyframes-instantsplat_init-none-difix_inference,sync_keyframes,instantsplat_init,none,difix_inference,external,False,valid,115,70,medium,external readiness; uses synchronized multi-view structure; tests feed-forward geometry; skips refinement; tests diffusion view cleanup; feed-forward model gets structured multi-view input; tests direct Gaussian output; cleanup without refinement is harder to interpret
fixed_rig_sync-colmap_pairs-gsplat_7k-none,fixed_rig_sync,colmap_pairs,gsplat_7k,none,planned,False,valid,116,70,medium,planned readiness; uses synchronized multi-view structure; reduces matching work; slower quality baseline; keeps evaluation faithful
sync_keyframes-feedforward_gs-none-difix_distill,sync_keyframes,feedforward_gs,none,difix_distill,external,False,valid,117,69,medium,external readiness; uses synchronized multi-view structure; tests feed-forward geometry; skips refinement; tests diffusion distillation; feed-forward model gets structured multi-view input; tests direct Gaussian output; distillation adds another training loop; cleanup without refinement is harder to interpret
sync_keyframes-instantsplat_init-none-difix_distill,sync_keyframes,instantsplat_init,none,difix_distill,external,False,valid,118,69,medium,external readiness; uses synchronized multi-view structure; tests feed-forward geometry; skips refinement; tests diffusion distillation; feed-forward model gets structured multi-view input; tests direct Gaussian output; distillation adds another training loop; cleanup without refinement is harder to interpret
posed_rgbd_dataset-vggt_geometry-fastgs_100s-none,posed_rgbd_dataset,vggt_geometry,fastgs_100s,none,planned,False,valid,119,69,medium,planned readiness; uses posed/depth data; tests feed-forward geometry; promising training accelerator; keeps evaluation faithful
sync_keyframes-colmap_auto-gsplat_2k-difix_distill,sync_keyframes,colmap_auto,gsplat_2k,difix_distill,external,False,valid,120,68,medium,external readiness; uses synchronized multi-view structure; preview-quality refinement budget; tests diffusion distillation; cleanup is most useful after quick coarse splats; distillation adds another training loop
fixed_rig_sync-colmap_auto-fastgs_100s-none,fixed_rig_sync,colmap_auto,fastgs_100s,none,planned,False,valid,121,68,medium,planned readiness; uses synchronized multi-view structure; promising training accelerator; keeps evaluation faithful
fixed_rig_sync-feedforward_gs-none-difix_inference,fixed_rig_sync,feedforward_gs,none,difix_inference,planned,False,valid,122,68,medium,planned readiness; uses synchronized multi-view structure; tests feed-forward geometry; skips refinement; tests diffusion view cleanup; feed-forward model gets structured multi-view input; tests direct Gaussian output; cleanup without refinement is harder to interpret
fixed_rig_sync-instantsplat_init-none-difix_inference,fixed_rig_sync,instantsplat_init,none,difix_inference,planned,False,valid,123,68,medium,planned readiness; uses synchronized multi-view structure; tests feed-forward geometry; skips refinement; tests diffusion view cleanup; feed-forward model gets structured multi-view input; tests direct Gaussian output; cleanup without refinement is harder to interpret
posed_rgbd_dataset-feedforward_gs-fastgs_100s-none,posed_rgbd_dataset,feedforward_gs,fastgs_100s,none,planned,False,valid,124,68,medium,planned readiness; uses posed/depth data; tests feed-forward geometry; promising training accelerator; keeps evaluation faithful
posed_rgbd_dataset-instantsplat_init-fastgs_100s-none,posed_rgbd_dataset,instantsplat_init,fastgs_100s,none,planned,False,valid,125,68,medium,planned readiness; uses posed/depth data; tests feed-forward geometry; promising training accelerator; keeps evaluation faithful
posed_rgbd_dataset-vggt_geometry-gsplat_2k-none,posed_rgbd_dataset,vggt_geometry,gsplat_2k,none,planned,False,valid,126,68,medium,planned readiness; uses posed/depth data; tests feed-forward geometry; preview-quality refinement budget; keeps evaluation faithful
sync_keyframes-colmap_auto-fastgs_100s-difix_inference,sync_keyframes,colmap_auto,fastgs_100s,difix_inference,external,False,valid,127,67,low,external readiness; uses synchronized multi-view structure; promising training accelerator; tests diffusion view cleanup
fixed_rig_sync-colmap_auto-gsplat_2k-none,fixed_rig_sync,colmap_auto,gsplat_2k,none,planned,False,valid,128,67,low,planned readiness; uses synchronized multi-view structure; preview-quality refinement budget; keeps evaluation faithful
fixed_rig_sync-feedforward_gs-none-difix_distill,fixed_rig_sync,feedforward_gs,none,difix_distill,planned,False,valid,129,67,low,planned readiness; uses synchronized multi-view structure; tests feed-forward geometry; skips refinement; tests diffusion distillation; feed-forward model gets structured multi-view input; tests direct Gaussian output; distillation adds another training loop; cleanup without refinement is harder to interpret
fixed_rig_sync-instantsplat_init-none-difix_distill,fixed_rig_sync,instantsplat_init,none,difix_distill,planned,False,valid,130,67,low,planned readiness; uses synchronized multi-view structure; tests feed-forward geometry; skips refinement; tests diffusion distillation; feed-forward model gets structured multi-view input; tests direct Gaussian output; distillation adds another training loop; cleanup without refinement is harder to interpret
posed_rgbd_dataset-feedforward_gs-gsplat_2k-none,posed_rgbd_dataset,feedforward_gs,gsplat_2k,none,planned,False,valid,131,67,low,planned readiness; uses posed/depth data; tests feed-forward geometry; preview-quality refinement budget; keeps evaluation faithful
posed_rgbd_dataset-instantsplat_init-gsplat_2k-none,posed_rgbd_dataset,instantsplat_init,gsplat_2k,none,planned,False,valid,132,67,low,planned readiness; uses posed/depth data; tests feed-forward geometry; preview-quality refinement budget; keeps evaluation faithful
posed_rgbd_dataset-vggt_geometry-gsplat_2k-difix_distill,posed_rgbd_dataset,vggt_geometry,gsplat_2k,difix_distill,planned,False,valid,133,67,low,planned readiness; uses posed/depth data; tests feed-forward geometry; preview-quality refinement budget; tests diffusion distillation; cleanup is most useful after quick coarse splats; distillation adds another training loop
classic_topk-colmap_auto-gsplat_7k-none,classic_topk,colmap_auto,gsplat_7k,none,implemented,True,valid,134,66,low,implemented readiness; baseline input path; slower quality baseline; keeps evaluation faithful; least multi-view-specific
sync_keyframes-colmap_auto-fastgs_100s-difix_distill,sync_keyframes,colmap_auto,fastgs_100s,difix_distill,external,False,valid,135,66,low,external readiness; uses synchronized multi-view structure; promising training accelerator; tests diffusion distillation; distillation adds another training loop
sync_keyframes-colmap_auto-gsplat_2k-difix_inference,sync_keyframes,colmap_auto,gsplat_2k,difix_inference,external,False,valid,136,66,low,external readiness; uses synchronized multi-view structure; preview-quality refinement budget; tests diffusion view cleanup
sync_keyframes-vggt_geometry-gsplat_7k-difix_inference,sync_keyframes,vggt_geometry,gsplat_7k,difix_inference,external,False,valid,137,66,low,external readiness; uses synchronized multi-view structure; tests feed-forward geometry; slower quality baseline; tests diffusion view cleanup; feed-forward model gets structured multi-view input; slow training plus cleanup
fixed_rig_sync-colmap_auto-gsplat_2k-difix_distill,fixed_rig_sync,colmap_auto,gsplat_2k,difix_distill,planned,False,valid,138,66,low,planned readiness; uses synchronized multi-view structure; preview-quality refinement budget; tests diffusion distillation; cleanup is most useful after quick coarse splats; distillation adds another training loop
posed_rgbd_dataset-feedforward_gs-gsplat_2k-difix_distill,posed_rgbd_dataset,feedforward_gs,gsplat_2k,difix_distill,planned,False,valid,139,66,low,planned readiness; uses posed/depth data; tests feed-forward geometry; preview-quality refinement budget; tests diffusion distillation; cleanup is most useful after quick coarse splats; distillation adds another training loop
posed_rgbd_dataset-instantsplat_init-gsplat_2k-difix_distill,posed_rgbd_dataset,instantsplat_init,gsplat_2k,difix_distill,planned,False,valid,140,66,low,planned readiness; uses posed/depth data; tests feed-forward geometry; preview-quality refinement budget; tests diffusion distillation; cleanup is most useful after quick coarse splats; distillation adds another training loop
posed_rgbd_dataset-vggt_geometry-fastgs_100s-difix_inference,posed_rgbd_dataset,vggt_geometry,fastgs_100s,difix_inference,planned,False,valid,141,66,low,planned readiness; uses posed/depth data; tests feed-forward geometry; promising training accelerator; tests diffusion view cleanup
classic_topk-vggt_geometry-fastgs_100s-none,classic_topk,vggt_geometry,fastgs_100s,none,external,False,valid,142,65,low,external readiness; baseline input path; tests feed-forward geometry; promising training accelerator; keeps evaluation faithful
sync_keyframes-colmap_auto-gsplat_1k-difix_distill,sync_keyframes,colmap_auto,gsplat_1k,difix_distill,external,False,valid,143,65,low,external readiness; uses synchronized multi-view structure; fastest current refinement; tests diffusion distillation; cleanup is most useful after quick coarse splats; distillation adds another training loop
sync_keyframes-feedforward_gs-gsplat_7k-difix_inference,sync_keyframes,feedforward_gs,gsplat_7k,difix_inference,external,False,valid,144,65,low,external readiness; uses synchronized multi-view structure; tests feed-forward geometry; slower quality baseline; tests diffusion view cleanup; feed-forward model gets structured multi-view input; slow training plus cleanup
sync_keyframes-instantsplat_init-gsplat_7k-difix_inference,sync_keyframes,instantsplat_init,gsplat_7k,difix_inference,external,False,valid,145,65,low,external readiness; uses synchronized multi-view structure; tests feed-forward geometry; slower quality baseline; tests diffusion view cleanup; feed-forward model gets structured multi-view input; slow training plus cleanup
sync_keyframes-vggt_geometry-gsplat_7k-difix_distill,sync_keyframes,vggt_geometry,gsplat_7k,difix_distill,external,False,valid,146,65,low,external readiness; uses synchronized multi-view structure; tests feed-forward geometry; slower quality baseline; tests diffusion distillation; feed-forward model gets structured multi-view input; slow training plus cleanup; distillation adds another training loop
fixed_rig_sync-colmap_auto-fastgs_100s-difix_inference,fixed_rig_sync,colmap_auto,fastgs_100s,difix_inference,planned,False,valid,147,65,low,planned readiness; uses synchronized multi-view structure; promising training accelerator; tests diffusion view cleanup
posed_rgbd_dataset-feedforward_gs-fastgs_100s-difix_inference,posed_rgbd_dataset,feedforward_gs,fastgs_100s,difix_inference,planned,False,valid,148,65,low,planned readiness; uses posed/depth data; tests feed-forward geometry; promising training accelerator; tests diffusion view cleanup
posed_rgbd_dataset-instantsplat_init-fastgs_100s-difix_inference,posed_rgbd_dataset,instantsplat_init,fastgs_100s,difix_inference,planned,False,valid,149,65,low,planned readiness; uses posed/depth data; tests feed-forward geometry; promising training accelerator; tests diffusion view cleanup
posed_rgbd_dataset-vggt_geometry-fastgs_100s-difix_distill,posed_rgbd_dataset,vggt_geometry,fastgs_100s,difix_distill,planned,False,valid,150,65,low,planned readiness; uses posed/depth data; tests feed-forward geometry; promising training accelerator; tests diffusion distillation; distillation adds another training loop
posed_rgbd_dataset-vggt_geometry-gsplat_1k-none,posed_rgbd_dataset,vggt_geometry,gsplat_1k,none,planned,False,valid,151,65,low,planned readiness; uses posed/depth data; tests feed-forward geometry; fastest current refinement; keeps evaluation faithful
posed_rgbd_dataset-vggt_geometry-gsplat_2k-difix_inference,posed_rgbd_dataset,vggt_geometry,gsplat_2k,difix_inference,planned,False,valid,152,65,low,planned readiness; uses posed/depth data; tests feed-forward geometry; preview-quality refinement budget; tests diffusion view cleanup
classic_topk-feedforward_gs-fastgs_100s-none,classic_topk,feedforward_gs,fastgs_100s,none,external,False,valid,153,64,low,external readiness; baseline input path; tests feed-forward geometry; promising training accelerator; keeps evaluation faithful
classic_topk-instantsplat_init-fastgs_100s-none,classic_topk,instantsplat_init,fastgs_100s,none,external,False,valid,154,64,low,external readiness; baseline input path; tests feed-forward geometry; promising training accelerator; keeps evaluation faithful
classic_topk-vggt_geometry-gsplat_2k-none,classic_topk,vggt_geometry,gsplat_2k,none,external,False,valid,155,64,low,external readiness; baseline input path; tests feed-forward geometry; preview-quality refinement budget; keeps evaluation faithful
sync_keyframes-feedforward_gs-gsplat_7k-difix_distill,sync_keyframes,feedforward_gs,gsplat_7k,difix_distill,external,False,valid,156,64,low,external readiness; uses synchronized multi-view structure; tests feed-forward geometry; slower quality baseline; tests diffusion distillation; feed-forward model gets structured multi-view input; slow training plus cleanup; distillation adds another training loop
sync_keyframes-instantsplat_init-gsplat_7k-difix_distill,sync_keyframes,instantsplat_init,gsplat_7k,difix_distill,external,False,valid,157,64,low,external readiness; uses synchronized multi-view structure; tests feed-forward geometry; slower quality baseline; tests diffusion distillation; feed-forward model gets structured multi-view input; slow training plus cleanup; distillation adds another training loop
fixed_rig_sync-colmap_auto-fastgs_100s-difix_distill,fixed_rig_sync,colmap_auto,fastgs_100s,difix_distill,planned,False,valid,158,64,low,planned readiness; uses synchronized multi-view structure; promising training accelerator; tests diffusion distillation; distillation adds another training loop
fixed_rig_sync-colmap_auto-gsplat_1k-none,fixed_rig_sync,colmap_auto,gsplat_1k,none,planned,False,valid,159,64,low,planned readiness; uses synchronized multi-view structure; fastest current refinement; keeps evaluation faithful
fixed_rig_sync-colmap_auto-gsplat_2k-difix_inference,fixed_rig_sync,colmap_auto,gsplat_2k,difix_inference,planned,False,valid,160,64,low,planned readiness; uses synchronized multi-view structure; preview-quality refinement budget; tests diffusion view cleanup
fixed_rig_sync-vggt_geometry-gsplat_7k-difix_inference,fixed_rig_sync,vggt_geometry,gsplat_7k,difix_inference,planned,False,valid,161,64,low,planned readiness; uses synchronized multi-view structure; tests feed-forward geometry; slower quality baseline; tests diffusion view cleanup; feed-forward model gets structured multi-view input; slow training plus cleanup
posed_rgbd_dataset-feedforward_gs-fastgs_100s-difix_distill,posed_rgbd_dataset,feedforward_gs,fastgs_100s,difix_distill,planned,False,valid,162,64,low,planned readiness; uses posed/depth data; tests feed-forward geometry; promising training accelerator; tests diffusion distillation; distillation adds another training loop
posed_rgbd_dataset-feedforward_gs-gsplat_1k-none,posed_rgbd_dataset,feedforward_gs,gsplat_1k,none,planned,False,valid,163,64,low,planned readiness; uses posed/depth data; tests feed-forward geometry; fastest current refinement; keeps evaluation faithful
posed_rgbd_dataset-feedforward_gs-gsplat_2k-difix_inference,posed_rgbd_dataset,feedforward_gs,gsplat_2k,difix_inference,planned,False,valid,164,64,low,planned readiness; uses posed/depth data; tests feed-forward geometry; preview-quality refinement budget; tests diffusion view cleanup
posed_rgbd_dataset-instantsplat_init-fastgs_100s-difix_distill,posed_rgbd_dataset,instantsplat_init,fastgs_100s,difix_distill,planned,False,valid,165,64,low,planned readiness; uses posed/depth data; tests feed-forward geometry; promising training accelerator; tests diffusion distillation; distillation adds another training loop
posed_rgbd_dataset-instantsplat_init-gsplat_1k-none,posed_rgbd_dataset,instantsplat_init,gsplat_1k,none,planned,False,valid,166,64,low,planned readiness; uses posed/depth data; tests feed-forward geometry; fastest current refinement; keeps evaluation faithful
posed_rgbd_dataset-instantsplat_init-gsplat_2k-difix_inference,posed_rgbd_dataset,instantsplat_init,gsplat_2k,difix_inference,planned,False,valid,167,64,low,planned readiness; uses posed/depth data; tests feed-forward geometry; preview-quality refinement budget; tests diffusion view cleanup
posed_rgbd_dataset-vggt_geometry-gsplat_1k-difix_distill,posed_rgbd_dataset,vggt_geometry,gsplat_1k,difix_distill,planned,False,valid,168,64,low,planned readiness; uses posed/depth data; tests feed-forward geometry; fastest current refinement; tests diffusion distillation; cleanup is most useful after quick coarse splats; distillation adds another training loop
classic_topk-feedforward_gs-gsplat_2k-none,classic_topk,feedforward_gs,gsplat_2k,none,external,False,valid,169,63,low,external readiness; baseline input path; tests feed-forward geometry; preview-quality refinement budget; keeps evaluation faithful
classic_topk-instantsplat_init-gsplat_2k-none,classic_topk,instantsplat_init,gsplat_2k,none,external,False,valid,170,63,low,external readiness; baseline input path; tests feed-forward geometry; preview-quality refinement budget; keeps evaluation faithful
classic_topk-vggt_geometry-gsplat_2k-difix_distill,classic_topk,vggt_geometry,gsplat_2k,difix_distill,external,False,valid,171,63,low,external readiness; baseline input path; tests feed-forward geometry; preview-quality refinement budget; tests diffusion distillation; cleanup is most useful after quick coarse splats; distillation adds another training loop
sync_keyframes-colmap_auto-gsplat_1k-difix_inference,sync_keyframes,colmap_auto,gsplat_1k,difix_inference,external,False,valid,172,63,low,external readiness; uses synchronized multi-view structure; fastest current refinement; tests diffusion view cleanup
fixed_rig_sync-colmap_auto-gsplat_1k-difix_distill,fixed_rig_sync,colmap_auto,gsplat_1k,difix_distill,planned,False,valid,173,63,low,planned readiness; uses synchronized multi-view structure; fastest current refinement; tests diffusion distillation; cleanup is most useful after quick coarse splats; distillation adds another training loop
fixed_rig_sync-feedforward_gs-gsplat_7k-difix_inference,fixed_rig_sync,feedforward_gs,gsplat_7k,difix_inference,planned,False,valid,174,63,low,planned readiness; uses synchronized multi-view structure; tests feed-forward geometry; slower quality baseline; tests diffusion view cleanup; feed-forward model gets structured multi-view input; slow training plus cleanup
fixed_rig_sync-instantsplat_init-gsplat_7k-difix_inference,fixed_rig_sync,instantsplat_init,gsplat_7k,difix_inference,planned,False,valid,175,63,low,planned readiness; uses synchronized multi-view structure; tests feed-forward geometry; slower quality baseline; tests diffusion view cleanup; feed-forward model gets structured multi-view input; slow training plus cleanup
fixed_rig_sync-vggt_geometry-gsplat_7k-difix_distill,fixed_rig_sync,vggt_geometry,gsplat_7k,difix_distill,planned,False,valid,176,63,low,planned readiness; uses synchronized multi-view structure; tests feed-forward geometry; slower quality baseline; tests diffusion distillation; feed-forward model gets structured multi-view input; slow training plus cleanup; distillation adds another training loop
posed_rgbd_dataset-feedforward_gs-gsplat_1k-difix_distill,posed_rgbd_dataset,feedforward_gs,gsplat_1k,difix_distill,planned,False,valid,177,63,low,planned readiness; uses posed/depth data; tests feed-forward geometry; fastest current refinement; tests diffusion distillation; cleanup is most useful after quick coarse splats; distillation adds another training loop
posed_rgbd_dataset-feedforward_gs-none-none,posed_rgbd_dataset,feedforward_gs,none,none,planned,False,valid,178,63,low,planned readiness; uses posed/depth data; tests feed-forward geometry; skips refinement; keeps evaluation faithful; tests direct Gaussian output
posed_rgbd_dataset-instantsplat_init-gsplat_1k-difix_distill,posed_rgbd_dataset,instantsplat_init,gsplat_1k,difix_distill,planned,False,valid,179,63,low,planned readiness; uses posed/depth data; tests feed-forward geometry; fastest current refinement; tests diffusion distillation; cleanup is most useful after quick coarse splats; distillation adds another training loop
posed_rgbd_dataset-instantsplat_init-none-none,posed_rgbd_dataset,instantsplat_init,none,none,planned,False,valid,180,63,low,planned readiness; uses posed/depth data; tests feed-forward geometry; skips refinement; keeps evaluation faithful; tests direct Gaussian output
posed_rgbd_dataset-posed_depth_init-gsplat_7k-difix_inference,posed_rgbd_dataset,posed_depth_init,gsplat_7k,difix_inference,planned,False,valid,181,63,low,planned readiness; uses posed/depth data; uses known pose/depth initializer; slower quality baseline; tests diffusion view cleanup; dataset pose/depth path is direct; slow training plus cleanup
classic_topk-feedforward_gs-gsplat_2k-difix_distill,classic_topk,feedforward_gs,gsplat_2k,difix_distill,external,False,valid,182,62,low,external readiness; baseline input path; tests feed-forward geometry; preview-quality refinement budget; tests diffusion distillation; cleanup is most useful after quick coarse splats; distillation adds another training loop
classic_topk-instantsplat_init-gsplat_2k-difix_distill,classic_topk,instantsplat_init,gsplat_2k,difix_distill,external,False,valid,183,62,low,external readiness; baseline input path; tests feed-forward geometry; preview-quality refinement budget; tests diffusion distillation; cleanup is most useful after quick coarse splats; distillation adds another training loop
classic_topk-vggt_geometry-fastgs_100s-difix_inference,classic_topk,vggt_geometry,fastgs_100s,difix_inference,external,False,valid,184,62,low,external readiness; baseline input path; tests feed-forward geometry; promising training accelerator; tests diffusion view cleanup
fixed_rig_sync-colmap_pairs-gsplat_7k-difix_inference,fixed_rig_sync,colmap_pairs,gsplat_7k,difix_inference,planned,False,valid,185,62,low,planned readiness; uses synchronized multi-view structure; reduces matching work; slower quality baseline; tests diffusion view cleanup; slow training plus cleanup
fixed_rig_sync-feedforward_gs-gsplat_7k-difix_distill,fixed_rig_sync,feedforward_gs,gsplat_7k,difix_distill,planned,False,valid,186,62,low,planned readiness; uses synchronized multi-view structure; tests feed-forward geometry; slower quality baseline; tests diffusion distillation; feed-forward model gets structured multi-view input; slow training plus cleanup; distillation adds another training loop
fixed_rig_sync-instantsplat_init-gsplat_7k-difix_distill,fixed_rig_sync,instantsplat_init,gsplat_7k,difix_distill,planned,False,valid,187,62,low,planned readiness; uses synchronized multi-view structure; tests feed-forward geometry; slower quality baseline; tests diffusion distillation; feed-forward model gets structured multi-view input; slow training plus cleanup; distillation adds another training loop
posed_rgbd_dataset-colmap_auto-fastgs_100s-none,posed_rgbd_dataset,colmap_auto,fastgs_100s,none,planned,False,valid,188,62,low,planned readiness; uses posed/depth data; promising training accelerator; keeps evaluation faithful
posed_rgbd_dataset-posed_depth_init-gsplat_7k-difix_distill,posed_rgbd_dataset,posed_depth_init,gsplat_7k,difix_distill,planned,False,valid,189,62,low,planned readiness; uses posed/depth data; uses known pose/depth initializer; slower quality baseline; tests diffusion distillation; dataset pose/depth path is direct; slow training plus cleanup; distillation adds another training loop
posed_rgbd_dataset-vggt_geometry-gsplat_1k-difix_inference,posed_rgbd_dataset,vggt_geometry,gsplat_1k,difix_inference,planned,False,valid,190,62,low,planned readiness; uses posed/depth data; tests feed-forward geometry; fastest current refinement; tests diffusion view cleanup
classic_topk-feedforward_gs-fastgs_100s-difix_inference,classic_topk,feedforward_gs,fastgs_100s,difix_inference,external,False,valid,191,61,low,external readiness; baseline input path; tests feed-forward geometry; promising training accelerator; tests diffusion view cleanup
classic_topk-instantsplat_init-fastgs_100s-difix_inference,classic_topk,instantsplat_init,fastgs_100s,difix_inference,external,False,valid,192,61,low,external readiness; baseline input path; tests feed-forward geometry; promising training accelerator; tests diffusion view cleanup
classic_topk-vggt_geometry-fastgs_100s-difix_distill,classic_topk,vggt_geometry,fastgs_100s,difix_distill,external,False,valid,193,61,low,external readiness; baseline input path; tests feed-forward geometry; promising training accelerator; tests diffusion distillation; distillation adds another training loop
classic_topk-vggt_geometry-gsplat_1k-none,classic_topk,vggt_geometry,gsplat_1k,none,external,False,valid,194,61,low,external readiness; baseline input path; tests feed-forward geometry; fastest current refinement; keeps evaluation faithful
classic_topk-vggt_geometry-gsplat_2k-difix_inference,classic_topk,vggt_geometry,gsplat_2k,difix_inference,external,False,valid,195,61,low,external readiness; baseline input path; tests feed-forward geometry; preview-quality refinement budget; tests diffusion view cleanup
fixed_rig_sync-colmap_auto-gsplat_1k-difix_inference,fixed_rig_sync,colmap_auto,gsplat_1k,difix_inference,planned,False,valid,196,61,low,planned readiness; uses synchronized multi-view structure; fastest current refinement; tests diffusion view cleanup
fixed_rig_sync-colmap_pairs-gsplat_7k-difix_distill,fixed_rig_sync,colmap_pairs,gsplat_7k,difix_distill,planned,False,valid,197,61,low,planned readiness; uses synchronized multi-view structure; reduces matching work; slower quality baseline; tests diffusion distillation; slow training plus cleanup; distillation adds another training loop
posed_rgbd_dataset-colmap_auto-gsplat_2k-none,posed_rgbd_dataset,colmap_auto,gsplat_2k,none,planned,False,valid,198,61,low,planned readiness; uses posed/depth data; preview-quality refinement budget; keeps evaluation faithful
posed_rgbd_dataset-feedforward_gs-gsplat_1k-difix_inference,posed_rgbd_dataset,feedforward_gs,gsplat_1k,difix_inference,planned,False,valid,199,61,low,planned readiness; uses posed/depth data; tests feed-forward geometry; fastest current refinement; tests diffusion view cleanup
posed_rgbd_dataset-instantsplat_init-gsplat_1k-difix_inference,posed_rgbd_dataset,instantsplat_init,gsplat_1k,difix_inference,planned,False,valid,200,61,low,planned readiness; uses posed/depth data; tests feed-forward geometry; fastest current refinement; tests diffusion view cleanup
posed_rgbd_dataset-vggt_geometry-gsplat_7k-none,posed_rgbd_dataset,vggt_geometry,gsplat_7k,none,planned,False,valid,201,61,low,planned readiness; uses posed/depth data; tests feed-forward geometry; slower quality baseline; keeps evaluation faithful
classic_topk-feedforward_gs-fastgs_100s-difix_distill,classic_topk,feedforward_gs,fastgs_100s,difix_distill,external,False,valid,202,60,low,external readiness; baseline input path; tests feed-forward geometry; promising training accelerator; tests diffusion distillation; distillation adds another training loop
classic_topk-feedforward_gs-gsplat_1k-none,classic_topk,feedforward_gs,gsplat_1k,none,external,False,valid,203,60,low,external readiness; baseline input path; tests feed-forward geometry; fastest current refinement; keeps evaluation faithful
classic_topk-feedforward_gs-gsplat_2k-difix_inference,classic_topk,feedforward_gs,gsplat_2k,difix_inference,external,False,valid,204,60,low,external readiness; baseline input path; tests feed-forward geometry; preview-quality refinement budget; tests diffusion view cleanup
classic_topk-instantsplat_init-fastgs_100s-difix_distill,classic_topk,instantsplat_init,fastgs_100s,difix_distill,external,False,valid,205,60,low,external readiness; baseline input path; tests feed-forward geometry; promising training accelerator; tests diffusion distillation; distillation adds another training loop
classic_topk-instantsplat_init-gsplat_1k-none,classic_topk,instantsplat_init,gsplat_1k,none,external,False,valid,206,60,low,external readiness; baseline input path; tests feed-forward geometry; fastest current refinement; keeps evaluation faithful
classic_topk-instantsplat_init-gsplat_2k-difix_inference,classic_topk,instantsplat_init,gsplat_2k,difix_inference,external,False,valid,207,60,low,external readiness; baseline input path; tests feed-forward geometry; preview-quality refinement budget; tests diffusion view cleanup
classic_topk-vggt_geometry-gsplat_1k-difix_distill,classic_topk,vggt_geometry,gsplat_1k,difix_distill,external,False,valid,208,60,low,external readiness; baseline input path; tests feed-forward geometry; fastest current refinement; tests diffusion distillation; cleanup is most useful after quick coarse splats; distillation adds another training loop
fixed_rig_sync-colmap_auto-gsplat_7k-none,fixed_rig_sync,colmap_auto,gsplat_7k,none,planned,False,valid,209,60,low,planned readiness; uses synchronized multi-view structure; slower quality baseline; keeps evaluation faithful
posed_rgbd_dataset-colmap_auto-gsplat_2k-difix_distill,posed_rgbd_dataset,colmap_auto,gsplat_2k,difix_distill,planned,False,valid,210,60,low,planned readiness; uses posed/depth data; preview-quality refinement budget; tests diffusion distillation; cleanup is most useful after quick coarse splats; distillation adds another training loop
posed_rgbd_dataset-feedforward_gs-gsplat_7k-none,posed_rgbd_dataset,feedforward_gs,gsplat_7k,none,planned,False,valid,211,60,low,planned readiness; uses posed/depth data; tests feed-forward geometry; slower quality baseline; keeps evaluation faithful
posed_rgbd_dataset-instantsplat_init-gsplat_7k-none,posed_rgbd_dataset,instantsplat_init,gsplat_7k,none,planned,False,valid,212,60,low,planned readiness; uses posed/depth data; tests feed-forward geometry; slower quality baseline; keeps evaluation faithful
classic_topk-feedforward_gs-gsplat_1k-difix_distill,classic_topk,feedforward_gs,gsplat_1k,difix_distill,external,False,valid,213,59,low,external readiness; baseline input path; tests feed-forward geometry; fastest current refinement; tests diffusion distillation; cleanup is most useful after quick coarse splats; distillation adds another training loop
classic_topk-feedforward_gs-none-none,classic_topk,feedforward_gs,none,none,external,False,valid,214,59,low,external readiness; baseline input path; tests feed-forward geometry; skips refinement; keeps evaluation faithful; tests direct Gaussian output
classic_topk-instantsplat_init-gsplat_1k-difix_distill,classic_topk,instantsplat_init,gsplat_1k,difix_distill,external,False,valid,215,59,low,external readiness; baseline input path; tests feed-forward geometry; fastest current refinement; tests diffusion distillation; cleanup is most useful after quick coarse splats; distillation adds another training loop
classic_topk-instantsplat_init-none-none,classic_topk,instantsplat_init,none,none,external,False,valid,216,59,low,external readiness; baseline input path; tests feed-forward geometry; skips refinement; keeps evaluation faithful; tests direct Gaussian output
posed_rgbd_dataset-colmap_auto-fastgs_100s-difix_inference,posed_rgbd_dataset,colmap_auto,fastgs_100s,difix_inference,planned,False,valid,217,59,low,planned readiness; uses posed/depth data; promising training accelerator; tests diffusion view cleanup
classic_topk-vggt_geometry-gsplat_1k-difix_inference,classic_topk,vggt_geometry,gsplat_1k,difix_inference,external,False,valid,218,58,low,external readiness; baseline input path; tests feed-forward geometry; fastest current refinement; tests diffusion view cleanup
posed_rgbd_dataset-colmap_auto-fastgs_100s-difix_distill,posed_rgbd_dataset,colmap_auto,fastgs_100s,difix_distill,planned,False,valid,219,58,low,planned readiness; uses posed/depth data; promising training accelerator; tests diffusion distillation; distillation adds another training loop
posed_rgbd_dataset-colmap_auto-gsplat_1k-none,posed_rgbd_dataset,colmap_auto,gsplat_1k,none,planned,False,valid,220,58,low,planned readiness; uses posed/depth data; fastest current refinement; keeps evaluation faithful
posed_rgbd_dataset-colmap_auto-gsplat_2k-difix_inference,posed_rgbd_dataset,colmap_auto,gsplat_2k,difix_inference,planned,False,valid,221,58,low,planned readiness; uses posed/depth data; preview-quality refinement budget; tests diffusion view cleanup
classic_topk-feedforward_gs-gsplat_1k-difix_inference,classic_topk,feedforward_gs,gsplat_1k,difix_inference,external,False,valid,222,57,low,external readiness; baseline input path; tests feed-forward geometry; fastest current refinement; tests diffusion view cleanup
classic_topk-instantsplat_init-gsplat_1k-difix_inference,classic_topk,instantsplat_init,gsplat_1k,difix_inference,external,False,valid,223,57,low,external readiness; baseline input path; tests feed-forward geometry; fastest current refinement; tests diffusion view cleanup
classic_topk-vggt_geometry-gsplat_7k-none,classic_topk,vggt_geometry,gsplat_7k,none,external,False,valid,224,57,low,external readiness; baseline input path; tests feed-forward geometry; slower quality baseline; keeps evaluation faithful
posed_rgbd_dataset-colmap_auto-gsplat_1k-difix_distill,posed_rgbd_dataset,colmap_auto,gsplat_1k,difix_distill,planned,False,valid,225,57,low,planned readiness; uses posed/depth data; fastest current refinement; tests diffusion distillation; cleanup is most useful after quick coarse splats; distillation adds another training loop
posed_rgbd_dataset-feedforward_gs-none-difix_inference,posed_rgbd_dataset,feedforward_gs,none,difix_inference,planned,False,valid,226,57,low,planned readiness; uses posed/depth data; tests feed-forward geometry; skips refinement; tests diffusion view cleanup; tests direct Gaussian output; cleanup without refinement is harder to interpret
posed_rgbd_dataset-instantsplat_init-none-difix_inference,posed_rgbd_dataset,instantsplat_init,none,difix_inference,planned,False,valid,227,57,low,planned readiness; uses posed/depth data; tests feed-forward geometry; skips refinement; tests diffusion view cleanup; tests direct Gaussian output; cleanup without refinement is harder to interpret
classic_topk-colmap_auto-fastgs_100s-none,classic_topk,colmap_auto,fastgs_100s,none,external,False,valid,228,56,low,external readiness; baseline input path; promising training accelerator; keeps evaluation faithful; least multi-view-specific
classic_topk-feedforward_gs-gsplat_7k-none,classic_topk,feedforward_gs,gsplat_7k,none,external,False,valid,229,56,low,external readiness; baseline input path; tests feed-forward geometry; slower quality baseline; keeps evaluation faithful
classic_topk-instantsplat_init-gsplat_7k-none,classic_topk,instantsplat_init,gsplat_7k,none,external,False,valid,230,56,low,external readiness; baseline input path; tests feed-forward geometry; slower quality baseline; keeps evaluation faithful
posed_rgbd_dataset-feedforward_gs-none-difix_distill,posed_rgbd_dataset,feedforward_gs,none,difix_distill,planned,False,valid,231,56,low,planned readiness; uses posed/depth data; tests feed-forward geometry; skips refinement; tests diffusion distillation; tests direct Gaussian output; distillation adds another training loop; cleanup without refinement is harder to interpret
posed_rgbd_dataset-instantsplat_init-none-difix_distill,posed_rgbd_dataset,instantsplat_init,none,difix_distill,planned,False,valid,232,56,low,planned readiness; uses posed/depth data; tests feed-forward geometry; skips refinement; tests diffusion distillation; tests direct Gaussian output; distillation adds another training loop; cleanup without refinement is harder to interpret
posed_rgbd_dataset-colmap_auto-gsplat_1k-difix_inference,posed_rgbd_dataset,colmap_auto,gsplat_1k,difix_inference,planned,False,valid,233,55,low,planned readiness; uses posed/depth data; fastest current refinement; tests diffusion view cleanup
classic_topk-colmap_auto-gsplat_2k-difix_distill,classic_topk,colmap_auto,gsplat_2k,difix_distill,external,False,valid,234,54,low,external readiness; baseline input path; preview-quality refinement budget; tests diffusion distillation; cleanup is most useful after quick coarse splats; distillation adds another training loop; least multi-view-specific
sync_keyframes-colmap_auto-gsplat_7k-difix_inference,sync_keyframes,colmap_auto,gsplat_7k,difix_inference,external,False,valid,235,54,low,external readiness; uses synchronized multi-view structure; slower quality baseline; tests diffusion view cleanup; slow training plus cleanup
posed_rgbd_dataset-colmap_auto-gsplat_7k-none,posed_rgbd_dataset,colmap_auto,gsplat_7k,none,planned,False,valid,236,54,low,planned readiness; uses posed/depth data; slower quality baseline; keeps evaluation faithful
classic_topk-colmap_auto-fastgs_100s-difix_inference,classic_topk,colmap_auto,fastgs_100s,difix_inference,external,False,valid,237,53,low,external readiness; baseline input path; promising training accelerator; tests diffusion view cleanup; least multi-view-specific
classic_topk-feedforward_gs-none-difix_inference,classic_topk,feedforward_gs,none,difix_inference,external,False,valid,238,53,low,external readiness; baseline input path; tests feed-forward geometry; skips refinement; tests diffusion view cleanup; tests direct Gaussian output; cleanup without refinement is harder to interpret
classic_topk-instantsplat_init-none-difix_inference,classic_topk,instantsplat_init,none,difix_inference,external,False,valid,239,53,low,external readiness; baseline input path; tests feed-forward geometry; skips refinement; tests diffusion view cleanup; tests direct Gaussian output; cleanup without refinement is harder to interpret
sync_keyframes-colmap_auto-gsplat_7k-difix_distill,sync_keyframes,colmap_auto,gsplat_7k,difix_distill,external,False,valid,240,53,low,external readiness; uses synchronized multi-view structure; slower quality baseline; tests diffusion distillation; slow training plus cleanup; distillation adds another training loop
posed_rgbd_dataset-vggt_geometry-gsplat_7k-difix_inference,posed_rgbd_dataset,vggt_geometry,gsplat_7k,difix_inference,planned,False,valid,241,53,low,planned readiness; uses posed/depth data; tests feed-forward geometry; slower quality baseline; tests diffusion view cleanup; slow training plus cleanup
classic_topk-colmap_auto-fastgs_100s-difix_distill,classic_topk,colmap_auto,fastgs_100s,difix_distill,external,False,valid,242,52,low,external readiness; baseline input path; promising training accelerator; tests diffusion distillation; distillation adds another training loop; least multi-view-specific
classic_topk-colmap_auto-gsplat_2k-difix_inference,classic_topk,colmap_auto,gsplat_2k,difix_inference,external,False,valid,243,52,low,external readiness; baseline input path; preview-quality refinement budget; tests diffusion view cleanup; least multi-view-specific
classic_topk-feedforward_gs-none-difix_distill,classic_topk,feedforward_gs,none,difix_distill,external,False,valid,244,52,low,external readiness; baseline input path; tests feed-forward geometry; skips refinement; tests diffusion distillation; tests direct Gaussian output; distillation adds another training loop; cleanup without refinement is harder to interpret
classic_topk-instantsplat_init-none-difix_distill,classic_topk,instantsplat_init,none,difix_distill,external,False,valid,245,52,low,external readiness; baseline input path; tests feed-forward geometry; skips refinement; tests diffusion distillation; tests direct Gaussian output; distillation adds another training loop; cleanup without refinement is harder to interpret
fixed_rig_sync-colmap_auto-gsplat_7k-difix_inference,fixed_rig_sync,colmap_auto,gsplat_7k,difix_inference,planned,False,valid,246,52,low,planned readiness; uses synchronized multi-view structure; slower quality baseline; tests diffusion view cleanup; slow training plus cleanup
posed_rgbd_dataset-feedforward_gs-gsplat_7k-difix_inference,posed_rgbd_dataset,feedforward_gs,gsplat_7k,difix_inference,planned,False,valid,247,52,low,planned readiness; uses posed/depth data; tests feed-forward geometry; slower quality baseline; tests diffusion view cleanup; slow training plus cleanup
posed_rgbd_dataset-instantsplat_init-gsplat_7k-difix_inference,posed_rgbd_dataset,instantsplat_init,gsplat_7k,difix_inference,planned,False,valid,248,52,low,planned readiness; uses posed/depth data; tests feed-forward geometry; slower quality baseline; tests diffusion view cleanup; slow training plus cleanup
posed_rgbd_dataset-vggt_geometry-gsplat_7k-difix_distill,posed_rgbd_dataset,vggt_geometry,gsplat_7k,difix_distill,planned,False,valid,249,52,low,planned readiness; uses posed/depth data; tests feed-forward geometry; slower quality baseline; tests diffusion distillation; slow training plus cleanup; distillation adds another training loop
classic_topk-colmap_auto-gsplat_1k-difix_distill,classic_topk,colmap_auto,gsplat_1k,difix_distill,external,False,valid,250,51,low,external readiness; baseline input path; fastest current refinement; tests diffusion distillation; cleanup is most useful after quick coarse splats; distillation adds another training loop; least multi-view-specific
fixed_rig_sync-colmap_auto-gsplat_7k-difix_distill,fixed_rig_sync,colmap_auto,gsplat_7k,difix_distill,planned,False,valid,251,51,low,planned readiness; uses synchronized multi-view structure; slower quality baseline; tests diffusion distillation; slow training plus cleanup; distillation adds another training loop
posed_rgbd_dataset-feedforward_gs-gsplat_7k-difix_distill,posed_rgbd_dataset,feedforward_gs,gsplat_7k,difix_distill,planned,False,valid,252,51,low,planned readiness; uses posed/depth data; tests feed-forward geometry; slower quality baseline; tests diffusion distillation; slow training plus cleanup; distillation adds another training loop
posed_rgbd_dataset-instantsplat_init-gsplat_7k-difix_distill,posed_rgbd_dataset,instantsplat_init,gsplat_7k,difix_distill,planned,False,valid,253,51,low,planned readiness; uses posed/depth data; tests feed-forward geometry; slower quality baseline; tests diffusion distillation; slow training plus cleanup; distillation adds another training loop
classic_topk-colmap_auto-gsplat_1k-difix_inference,classic_topk,colmap_auto,gsplat_1k,difix_inference,external,False,valid,254,49,low,external readiness; baseline input path; fastest current refinement; tests diffusion view cleanup; least multi-view-specific
classic_topk-vggt_geometry-gsplat_7k-difix_inference,classic_topk,vggt_geometry,gsplat_7k,difix_inference,external,False,valid,255,49,low,external readiness; baseline input path; tests feed-forward geometry; slower quality baseline; tests diffusion view cleanup; slow training plus cleanup
classic_topk-feedforward_gs-gsplat_7k-difix_inference,classic_topk,feedforward_gs,gsplat_7k,difix_inference,external,False,valid,256,48,low,external readiness; baseline input path; tests feed-forward geometry; slower quality baseline; tests diffusion view cleanup; slow training plus cleanup
classic_topk-instantsplat_init-gsplat_7k-difix_inference,classic_topk,instantsplat_init,gsplat_7k,difix_inference,external,False,valid,257,48,low,external readiness; baseline input path; tests feed-forward geometry; slower quality baseline; tests diffusion view cleanup; slow training plus cleanup
classic_topk-vggt_geometry-gsplat_7k-difix_distill,classic_topk,vggt_geometry,gsplat_7k,difix_distill,external,False,valid,258,48,low,external readiness; baseline input path; tests feed-forward geometry; slower quality baseline; tests diffusion distillation; slow training plus cleanup; distillation adds another training loop
classic_topk-feedforward_gs-gsplat_7k-difix_distill,classic_topk,feedforward_gs,gsplat_7k,difix_distill,external,False,valid,259,47,low,external readiness; baseline input path; tests feed-forward geometry; slower quality baseline; tests diffusion distillation; slow training plus cleanup; distillation adds another training loop
classic_topk-instantsplat_init-gsplat_7k-difix_distill,classic_topk,instantsplat_init,gsplat_7k,difix_distill,external,False,valid,260,47,low,external readiness; baseline input path; tests feed-forward geometry; slower quality baseline; tests diffusion distillation; slow training plus cleanup; distillation adds another training loop
posed_rgbd_dataset-colmap_auto-gsplat_7k-difix_inference,posed_rgbd_dataset,colmap_auto,gsplat_7k,difix_inference,planned,False,valid,261,46,low,planned readiness; uses posed/depth data; slower quality baseline; tests diffusion view cleanup; slow training plus cleanup
posed_rgbd_dataset-colmap_auto-gsplat_7k-difix_distill,posed_rgbd_dataset,colmap_auto,gsplat_7k,difix_distill,planned,False,valid,262,45,low,planned readiness; uses posed/depth data; slower quality baseline; tests diffusion distillation; slow training plus cleanup; distillation adds another training loop
classic_topk-colmap_auto-gsplat_7k-difix_inference,classic_topk,colmap_auto,gsplat_7k,difix_inference,external,False,valid,263,40,low,external readiness; baseline input path; slower quality baseline; tests diffusion view cleanup; slow training plus cleanup; least multi-view-specific
classic_topk-colmap_auto-gsplat_7k-difix_distill,classic_topk,colmap_auto,gsplat_7k,difix_distill,external,False,valid,264,39,low,external readiness; baseline input path; slower quality baseline; tests diffusion distillation; slow training plus cleanup; distillation adds another training loop; least multi-view-specific
